"Date","Price","Open","High","Low","Vol.","Change %"
"02/08/2023","20,975.94","20,984.49","21,137.87","20,843.37","135.55M","-0.01%"
"02/07/2023","20,978.88","21,048.25","21,197.35","20,969.99","148.10M","-0.29%"
"02/06/2023","21,040.21","21,271.87","21,271.87","20,847.69","164.92M","-1.64%"
"02/03/2023","21,390.96","21,706.64","21,734.61","21,241.67","150.15M","-1.34%"
"02/02/2023","21,682.10","21,847.93","21,851.32","21,568.67","180.41M","0.18%"
"02/01/2023","21,643.66","21,320.33","21,643.66","21,314.07","186.04M","1.38%"
"01/31/2023","21,348.47","21,767.79","21,870.56","21,171.84","256.97M","-1.40%"
"01/30/2023","21,651.11","21,996.54","22,115.59","21,576.34","245.01M","-1.28%"
"01/27/2023","21,932.94","21,876.10","22,017.88","21,780.02","110.33M","0.06%"
"01/26/2023","21,920.33","21,975.35","21,986.46","21,751.54","155.68M","1.18%"
"01/20/2023","21,664.76","21,449.60","21,718.02","21,437.31","107.77M","0.52%"
"01/19/2023","21,552.65","21,417.42","21,712.27","21,289.75","109.17M","0.03%"
"01/18/2023","21,545.73","21,632.19","21,773.62","21,383.17","191.29M","-0.59%"
"01/17/2023","21,674.33","22,024.88","22,114.47","21,583.82","175.24M","-1.60%"
"01/16/2023","22,027.37","22,134.35","22,377.68","21,965.14","219.94M","-0.12%"
"01/13/2023","22,053.71","21,708.47","22,069.21","21,627.43","267.94M","1.83%"
"01/12/2023","21,656.80","21,486.58","21,778.37","21,383.03","357.83M","1.06%"
"01/11/2023","21,430.32","21,911.63","22,012.28","21,309.76","456.70M","-2.23%"
"01/10/2023","21,919.74","22,092.18","22,128.13","21,865.75","207.09M","-0.56%"
"01/09/2023","22,043.36","21,741.44","22,071.19","21,737.85","287.44M","2.39%"
"01/06/2023","21,528.74","21,752.05","21,817.74","21,399.56","231.00M","-0.59%"
"01/05/2023","21,655.64","21,334.80","21,811.40","21,295.31","230.17M","2.19%"
"01/04/2023","21,192.05","21,117.12","21,192.05","20,911.49","173.10M","0.97%"
"01/03/2023","20,988.61","20,487.80","21,084.37","20,190.86","147.23M","1.21%"
"12/30/2022","20,737.14","21,122.22","21,161.84","20,687.79","123.07M","-0.88%"
"12/29/2022","20,922.26","21,031.88","21,031.88","20,678.09","116.90M","-0.75%"
"12/28/2022","21,081.21","20,916.74","21,317.06","20,916.74","183.99M","1.54%"
"12/23/2022","20,760.72","20,774.87","21,020.99","20,645.88","106.21M","-0.65%"
"12/22/2022","20,897.26","20,446.12","20,913.33","20,377.11","183.49M","3.50%"
"12/21/2022","20,190.05","20,187.98","20,292.85","20,077.61","116.97M","0.32%"
"12/20/2022","20,125.57","20,393.71","20,434.28","19,841.11","160.86M","-1.86%"
"12/19/2022","20,507.52","20,433.17","20,716.88","20,306.12","181.29M","0.06%"
"12/16/2022","20,496.16","20,352.50","20,550.22","20,154.88","207.05M","0.40%"
"12/15/2022","20,414.64","20,823.60","20,878.33","20,286.19","191.00M","-1.85%"
"12/14/2022","20,800.13","20,548.03","20,958.66","20,472.52","232.98M","1.35%"
"12/13/2022","20,523.35","20,374.57","20,567.31","20,100.53","210.17M","0.81%"
"12/12/2022","20,357.46","20,391.06","20,551.85","20,280.37","238.43M","-1.02%"
"12/09/2022","20,566.29","20,230.71","20,627.83","20,050.94","271.89M","1.57%"
"12/08/2022","20,248.63","19,892.03","20,298.68","19,892.03","201.67M","2.16%"
"12/07/2022","19,821.00","20,229.98","20,709.64","19,804.97","273.00M","-2.40%"
"12/06/2022","20,309.41","20,034.43","20,619.77","19,917.30","261.62M","0.63%"
"12/05/2022","20,181.49","20,405.84","20,442.75","19,924.60","357.40M","1.31%"
"12/02/2022","19,920.80","20,131.25","20,180.55","19,700.91","271.41M","-0.77%"
"12/01/2022","20,074.96","20,205.17","20,531.55","20,010.79","343.92M","0.66%"
"11/30/2022","19,942.49","18,951.70","19,942.49","18,878.10","462.59M","4.36%"
"11/29/2022","19,109.47","18,311.33","19,109.47","18,311.33","216.49M","4.46%"
"11/28/2022","18,293.19","17,642.36","18,343.56","17,413.80","148.02M","1.31%"
"11/25/2022","18,056.06","18,389.10","18,389.10","18,013.92","99.99M","-1.59%"
"11/24/2022","18,347.46","18,200.75","18,453.84","18,200.75","86.96M","1.18%"
"11/23/2022","18,133.21","18,231.31","18,331.03","17,943.87","175.79M","-0.97%"
"11/22/2022","18,311.13","18,472.02","18,706.26","18,170.83","190.37M","-0.92%"
"11/21/2022","18,481.95","18,599.64","18,599.64","18,237.71","199.02M","-2.04%"
"11/18/2022","18,866.42","19,087.16","19,138.49","18,784.24","217.64M","-0.66%"
"11/17/2022","18,992.29","18,997.89","19,166.55","18,756.12","163.35M","-0.46%"
"11/16/2022","19,079.97","19,041.91","19,300.39","18,907.47","220.48M","-0.62%"
"11/15/2022","19,198.90","18,689.73","19,204.38","18,513.03","272.86M","2.82%"
"11/14/2022","18,672.63","18,994.36","19,036.97","18,576.28","335.90M","1.41%"
"11/11/2022","18,413.67","18,489.32","18,690.50","18,047.58","320.17M","3.97%"
"11/10/2022","17,709.75","17,629.62","17,739.73","17,311.83","179.44M","0.32%"
"11/09/2022","17,654.11","17,834.78","17,983.21","17,542.33","199.38M","-0.89%"
"11/08/2022","17,813.19","17,961.48","17,997.34","17,599.87","175.65M","-0.53%"
"11/07/2022","17,907.29","17,558.85","18,091.28","17,392.04","270.83M","1.46%"
"11/04/2022","17,649.37","16,864.78","17,922.81","16,864.78","333.99M","4.57%"
"11/03/2022","16,878.74","16,980.87","17,029.81","16,774.40","193.77M","-2.28%"
"11/02/2022","17,273.25","16,504.24","17,344.37","16,494.43","225.40M","3.85%"
"11/01/2022","16,633.33","15,823.53","16,765.95","15,800.94","254.63M","6.05%"
"10/31/2022","15,684.51","16,007.39","16,007.39","15,650.87","246.17M","-2.04%"
"10/28/2022","16,010.32","16,799.11","16,799.11","15,885.75","255.47M","-4.30%"
"10/27/2022","16,729.39","16,927.55","17,162.98","16,646.22","287.40M","-0.15%"
"10/26/2022","16,754.06","16,516.31","16,904.47","16,287.56","296.80M","0.71%"
"10/25/2022","16,635.24","16,785.02","16,785.02","16,281.65","246.47M","0.37%"
"10/24/2022","16,573.84","17,235.05","17,235.05","16,493.34","284.43M","-4.28%"
"10/21/2022","17,315.15","17,483.30","17,602.01","17,244.15","152.09M","-0.54%"
"10/20/2022","17,409.74","17,654.10","17,673.01","17,247.79","254.10M","-1.91%"
"10/19/2022","17,748.86","18,318.04","18,332.26","17,748.86","177.73M","-3.26%"
"10/18/2022","18,347.91","18,233.50","18,347.91","17,951.67","181.98M","1.21%"
"10/17/2022","18,128.04","18,234.05","18,330.15","17,923.87","189.26M","-0.05%"
"10/14/2022","18,137.73","18,183.34","18,507.39","18,131.16","182.80M","0.39%"
"10/13/2022","18,067.14","18,247.19","18,367.42","18,020.99","187.22M","-1.29%"
"10/12/2022","18,303.52","18,559.60","18,605.32","18,016.42","209.27M","-1.73%"
"10/11/2022","18,626.38","18,823.53","18,928.30","18,570.14","172.53M","-0.79%"
"10/10/2022","18,774.74","19,379.41","19,379.41","18,687.98","206.65M","-4.28%"
"10/07/2022","19,614.20","19,721.27","19,820.61","19,597.01","105.34M","-0.89%"
"10/06/2022","19,790.49","19,869.30","19,912.61","19,715.62","104.25M","-0.42%"
"10/05/2022","19,874.45","19,479.01","19,878.51","19,469.67","188.31M","5.01%"
"10/03/2022","18,925.64","18,774.59","18,938.62","18,629.75","92.84M","-0.48%"
"09/30/2022","19,017.61","19,063.55","19,187.73","18,952.48","134.76M","0.44%"
"09/29/2022","18,934.16","19,279.22","19,357.11","18,816.22","141.60M","-1.16%"
"09/28/2022","19,156.45","19,492.41","19,529.84","19,053.36","193.02M","-2.06%"
"09/27/2022","19,560.23","19,280.13","19,601.49","19,107.04","205.65M","1.61%"
"09/26/2022","19,250.36","19,222.41","19,436.95","19,088.37","183.59M","-0.07%"
"09/23/2022","19,264.31","19,569.15","19,631.61","19,226.81","147.91M","-1.73%"
"09/22/2022","19,603.78","19,462.96","19,639.09","19,309.14","159.29M","-0.07%"
"09/21/2022","19,616.58","19,888.30","19,909.72","19,605.28","134.72M","-1.55%"
"09/20/2022","19,925.12","19,784.92","20,023.11","19,752.22","137.91M","1.14%"
"09/19/2022","19,700.25","19,791.93","19,804.51","19,501.20","193.76M","-0.33%"
"09/16/2022","19,765.01","19,640.00","19,858.06","19,431.21","221.79M","0.66%"
"09/15/2022","19,636.07","19,421.50","19,678.49","19,408.10","134.94M","0.87%"
"09/14/2022","19,467.09","19,522.44","19,528.58","19,303.09","131.30M","-1.65%"
"09/13/2022","19,793.18","19,487.78","19,911.85","19,487.78","149.95M","1.44%"
"09/09/2022","19,511.47","19,159.81","19,565.92","19,107.65","142.77M","1.99%"
"09/08/2022","19,130.67","19,492.15","19,492.15","19,063.82","142.49M","-1.55%"
"09/07/2022","19,431.51","19,297.78","19,431.51","19,173.15","148.54M","-0.26%"
"09/06/2022","19,481.71","19,676.83","19,764.15","19,341.78","176.43M","-0.72%"
"09/05/2022","19,622.95","19,881.02","19,881.02","19,473.80","145.44M","-1.76%"
"09/02/2022","19,974.44","20,045.40","20,143.12","19,862.05","188.66M","-0.54%"
"09/01/2022","20,081.92","20,549.02","20,549.02","20,035.32","181.35M","-2.96%"
"08/31/2022","20,693.43","20,413.65","20,819.25","20,314.55","226.28M","0.25%"
"08/30/2022","20,642.35","20,836.48","20,836.48","20,366.08","152.15M","-1.05%"
"08/29/2022","20,862.11","20,752.57","20,865.32","20,607.43","150.74M","-0.57%"
"08/26/2022","20,982.21","20,635.17","20,993.18","20,635.17","189.34M","2.01%"
"08/25/2022","20,568.24","20,188.07","20,608.82","20,188.07","171.90M","1.85%"
"08/24/2022","20,194.42","20,411.64","20,411.64","20,032.68","178.15M","-0.81%"
"08/23/2022","20,359.87","20,571.55","20,631.17","20,209.49","171.52M","-0.88%"
"08/22/2022","20,540.87","20,477.64","20,687.75","20,477.64","143.19M","-0.52%"
"08/19/2022","20,648.08","20,560.93","20,707.28","20,309.43","149.91M","-0.23%"
"08/18/2022","20,696.47","20,817.60","20,923.27","20,615.73","161.66M","0.30%"
"08/17/2022","20,633.80","20,685.38","20,788.68","20,496.48","143.34M","0.32%"
"08/16/2022","20,568.15","20,711.28","20,761.93","20,354.10","141.39M","-0.64%"
"08/15/2022","20,699.93","20,577.09","20,827.58","20,510.87","104.61M","0.36%"
"08/12/2022","20,625.60","20,678.12","20,690.92","20,440.63","125.10M","-0.34%"
"08/11/2022","20,696.86","20,522.44","20,737.46","20,391.63","104.99M","2.00%"
"08/10/2022","20,291.52","20,812.05","20,812.05","20,213.05","131.89M","-2.53%"
"08/09/2022","20,818.72","20,821.91","20,944.77","20,655.36","102.75M","-0.16%"
"08/08/2022","20,851.99","20,844.83","20,934.03","20,690.62","134.72M","0.07%"
"08/05/2022","20,838.26","20,823.19","20,876.95","20,659.47","200.74M","0.68%"
"08/04/2022","20,698.34","20,468.96","20,726.99","20,366.12","135.87M","0.87%"
"08/03/2022","20,520.45","20,714.34","20,789.16","20,358.18","146.13M","-0.66%"
"08/02/2022","20,657.08","21,017.32","21,017.32","20,543.00","182.41M","-2.37%"
"08/01/2022","21,157.46","21,130.18","21,323.31","21,093.10","139.94M","0.31%"
"07/29/2022","21,091.66","21,496.61","21,521.62","20,962.84","234.36M","-1.95%"
"07/28/2022","21,510.92","21,426.35","21,577.95","21,327.39","145.82M","0.66%"
"07/27/2022","21,369.15","21,259.99","21,369.15","21,150.26","179.94M","0.44%"
"07/26/2022","21,274.69","21,465.01","21,521.85","21,228.91","156.19M","-0.60%"
"07/25/2022","21,402.95","21,444.66","21,457.26","21,065.79","233.43M","-0.74%"
"07/22/2022","21,561.83","21,631.14","21,822.51","21,484.37","192.05M","-0.03%"
"07/21/2022","21,569.31","21,660.45","21,759.26","21,525.05","155.27M","-0.03%"
"07/20/2022","21,574.91","21,561.48","21,738.78","21,479.91","160.68M","0.54%"
"07/19/2022","21,458.67","21,505.15","21,602.42","21,328.85","162.01M","-0.69%"
"07/18/2022","21,608.21","21,546.01","21,634.78","21,124.41","140.05M","1.20%"
"07/15/2022","21,352.09","21,651.55","21,708.30","21,319.62","169.56M","-1.24%"
"07/14/2022","21,620.57","21,730.59","21,861.79","21,479.01","130.42M","-0.24%"
"07/13/2022","21,672.10","21,471.24","21,871.01","21,451.83","158.08M","1.15%"
"07/12/2022","21,426.15","21,483.96","21,591.66","21,265.21","166.84M","-0.85%"
"07/11/2022","21,609.39","21,924.26","21,924.26","21,426.38","152.18M","-1.86%"
"07/08/2022","22,018.07","22,241.53","22,307.97","21,898.07","132.27M","-0.22%"
"07/07/2022","22,066.94","21,777.92","22,066.94","21,564.79","208.50M","0.92%"
"07/06/2022","21,865.51","21,979.10","22,046.60","21,488.56","277.46M","-1.14%"
"07/05/2022","22,116.78","22,447.32","22,634.81","21,977.62","193.29M","-0.58%"
"07/04/2022","22,246.26","22,317.22","22,348.87","22,065.25","270.13M","-1.26%"
"06/30/2022","22,529.22","22,081.97","22,677.81","22,012.75","289.64M","1.93%"
"06/29/2022","22,103.55","22,421.19","22,453.05","22,068.54","344.40M","-2.09%"
"06/28/2022","22,574.31","21,870.21","22,574.31","21,821.31","245.99M","2.69%"
"06/27/2022","21,982.46","21,728.95","22,113.82","21,728.95","266.96M","2.09%"
"06/24/2022","21,532.49","21,210.60","21,532.49","21,178.94","241.87M","2.15%"
"06/23/2022","21,079.86","21,054.00","21,195.09","20,907.89","235.34M","0.92%"
"06/22/2022","20,887.88","21,009.10","21,293.93","20,886.09","324.82M","-0.74%"
"06/21/2022","21,042.69","20,735.97","21,067.70","20,639.63","182.76M","1.49%"
"06/20/2022","20,732.80","20,322.70","20,760.86","20,322.70","170.39M","2.06%"
"06/17/2022","20,314.20","20,004.46","20,424.41","19,975.32","380.70M","0.99%"
"06/16/2022","20,114.91","20,578.24","20,609.50","20,003.72","272.34M","-1.75%"
"06/15/2022","20,473.51","20,359.53","20,670.25","20,319.55","240.06M","-0.15%"
"06/14/2022","20,503.72","20,339.20","20,623.07","20,159.35","191.72M","0.12%"
"06/13/2022","20,478.64","20,404.13","20,551.18","20,338.53","459.62M","-1.90%"
"06/10/2022","20,874.21","20,884.19","21,023.30","20,723.09","189.41M","-0.82%"
"06/09/2022","21,045.89","21,394.10","21,473.49","20,871.99","257.48M","-2.28%"
"06/08/2022","21,536.29","21,442.44","21,642.09","21,381.02","241.13M","0.76%"
"06/07/2022","21,374.22","21,467.02","21,484.70","21,184.49","222.13M","-1.58%"
"06/06/2022","21,718.07","21,280.76","21,723.64","21,060.13","247.67M","2.10%"
"06/02/2022","21,271.64","21,183.99","21,341.99","21,048.75","212.13M","-0.29%"
"06/01/2022","21,334.51","21,507.99","21,507.99","21,173.02","240.21M","-0.16%"
"05/31/2022","21,369.34","21,026.77","21,369.34","20,908.43","720.91M","1.73%"
"05/30/2022","21,006.59","20,645.62","21,062.07","20,628.80","229.76M","2.33%"
"05/27/2022","20,528.58","20,461.44","20,594.70","20,281.16","152.42M","1.34%"
"05/26/2022","20,256.52","20,345.98","20,345.98","19,928.33","157.68M","-0.17%"
"05/25/2022","20,290.18","20,090.04","20,423.81","20,024.84","227.12M","1.20%"
"05/24/2022","20,048.82","20,540.76","20,557.03","19,973.15","143.38M","-2.40%"
"05/23/2022","20,542.14","20,505.78","20,561.15","20,325.82","179.72M","0.19%"
"05/20/2022","20,502.51","20,139.72","20,554.89","20,075.86","238.17M","2.63%"
"05/19/2022","19,976.83","20,005.40","20,125.16","19,799.00","210.12M","-1.87%"
"05/18/2022","20,356.53","20,231.39","20,400.20","20,123.85","182.50M","-0.04%"
"05/17/2022","20,363.75","20,169.81","20,379.56","20,152.29","220.94M","1.53%"
"05/16/2022","20,056.24","20,155.06","20,247.94","19,802.97","242.06M","0.07%"
"05/13/2022","20,042.07","19,893.98","20,073.75","19,714.88","176.17M","1.72%"
"05/12/2022","19,702.69","19,979.97","20,063.05","19,663.78","198.25M","-1.48%"
"05/11/2022","19,998.39","19,833.01","20,260.83","19,782.98","194.59M","0.89%"
"05/10/2022","19,821.90","19,006.09","19,946.47","18,942.21","271.63M","1.03%"
"05/06/2022","19,619.91","20,490.71","20,490.71","19,599.53","231.46M","-5.40%"
"05/05/2022","20,740.89","20,792.46","21,063.01","20,683.94","179.49M","0.40%"
"05/04/2022","20,658.37","20,840.30","20,919.08","20,596.15","139.57M","-0.83%"
"05/03/2022","20,830.70","20,673.58","21,117.16","20,673.58","139.99M","-0.10%"
"04/29/2022","20,851.04","20,542.76","20,920.50","20,405.47","219.30M","1.21%"
"04/28/2022","20,601.00","20,482.15","20,700.94","20,333.09","182.65M","0.58%"
"04/27/2022","20,481.94","20,382.80","20,640.25","20,297.60","230.90M","0.63%"
"04/26/2022","20,353.13","20,232.17","20,694.47","20,201.45","230.87M","1.40%"
"04/25/2022","20,071.34","20,639.71","20,639.71","20,066.72","247.82M","-3.71%"
"04/22/2022","20,844.75","20,604.83","20,899.21","20,341.00","193.52M","0.43%"
"04/21/2022","20,755.16","20,916.59","20,991.82","20,531.43","250.30M","-0.97%"
"04/20/2022","20,959.36","20,459.41","21,152.80","20,449.97","281.54M","2.13%"
"04/19/2022","20,522.89","20,833.07","20,950.09","20,333.10","348.27M","-2.04%"
"04/14/2022","20,951.00","20,527.33","21,081.51","20,527.33","217.15M","2.41%"
"04/13/2022","20,457.67","20,428.82","20,731.05","20,209.91","228.26M","0.10%"
"04/12/2022","20,438.06","20,225.60","20,754.66","19,816.97","292.35M","1.68%"
"04/11/2022","20,099.66","20,476.73","20,476.73","19,855.45","252.88M","-2.24%"
"04/08/2022","20,559.70","20,410.61","20,603.38","20,275.02","246.37M","0.67%"
"04/07/2022","20,423.71","20,708.16","20,911.91","20,334.78","267.09M","-2.16%"
"04/06/2022","20,873.86","21,146.84","21,146.84","20,786.95","325.15M","-1.96%"
"04/04/2022","21,290.65","21,367.02","21,375.26","21,118.63","170.48M","0.09%"
"04/01/2022","21,270.71","20,669.90","21,303.54","20,461.85","184.60M","2.08%"
"03/31/2022","20,837.56","21,109.50","21,183.18","20,595.01","243.11M","-1.34%"
"03/30/2022","21,121.44","20,681.15","21,187.72","20,681.15","336.86M","2.73%"
"03/29/2022","20,560.63","20,722.50","20,745.50","20,396.93","377.68M","0.53%"
"03/28/2022","20,451.43","20,497.87","20,571.07","20,250.81","319.72M","-0.98%"
"03/25/2022","20,653.29","21,214.65","21,433.56","20,543.46","460.01M","-2.91%"
"03/24/2022","21,271.80","21,320.27","21,519.53","21,127.03","294.41M","-1.10%"
"03/23/2022","21,507.74","21,602.19","21,828.31","21,405.91","244.42M","-0.27%"
"03/22/2022","21,566.41","21,264.41","21,589.21","21,131.90","273.27M","1.78%"
"03/21/2022","21,188.67","21,727.08","21,727.08","21,066.20","207.88M","-1.24%"
"03/18/2022","21,455.38","21,489.53","21,826.12","21,106.66","521.98M","-0.42%"
"03/17/2022","21,546.35","21,281.25","21,546.35","20,994.56","440.72M","4.94%"
"03/16/2022","20,532.75","20,201.43","20,605.66","19,357.78","609.05M","5.94%"
"03/15/2022","19,380.74","19,868.28","20,202.93","19,005.40","599.85M","-3.89%"
"03/14/2022","20,165.02","21,172.71","21,172.71","19,988.97","465.96M","-5.73%"
"03/11/2022","21,391.11","21,436.83","21,501.58","20,548.16","323.92M","-1.02%"
"03/10/2022","21,611.77","21,890.38","21,970.21","21,468.29","270.87M","0.92%"
"03/09/2022","21,414.26","21,962.59","22,034.03","20,865.70","405.47M","-1.46%"
"03/08/2022","21,732.42","22,727.55","22,819.61","21,597.46","372.11M","-4.36%"
"03/07/2022","22,723.60","23,303.07","23,303.07","22,672.66","354.98M","-4.52%"
"03/04/2022","23,800.07","23,993.13","24,233.80","23,730.46","264.67M","-1.70%"
"03/03/2022","24,212.07","24,218.79","24,424.65","24,049.78","198.78M","0.25%"
"03/02/2022","24,151.93","24,769.41","24,769.41","24,117.29","229.01M","-2.93%"
"03/01/2022","24,880.54","24,706.18","25,141.80","24,681.16","255.97M","0.92%"
"02/28/2022","24,654.71","24,615.71","24,654.71","24,089.59","298.72M","0.56%"
"02/25/2022","24,517.89","24,409.41","24,635.54","24,340.18","183.73M","0.45%"
"02/24/2022","24,408.23","24,644.54","24,777.98","24,169.72","290.61M","-1.72%"
"02/23/2022","24,834.29","24,836.93","24,952.82","24,635.41","175.91M","-0.07%"
"02/22/2022","24,851.92","24,819.65","24,858.94","24,428.15","242.65M","-1.20%"
"02/21/2022","25,152.87","25,110.88","25,152.87","24,769.43","171.68M","0.32%"
"02/18/2022","25,073.02","25,145.71","25,297.34","25,010.87","209.41M","-0.36%"
"02/17/2022","25,164.64","25,150.49","25,336.11","24,963.65","248.33M","0.56%"
"02/16/2022","25,023.91","25,091.61","25,116.07","24,817.31","224.11M","0.59%"
"02/15/2022","24,877.27","24,542.39","24,932.42","24,520.03","235.96M","1.30%"
"02/14/2022","24,557.24","24,431.85","24,733.35","24,379.59","242.59M","-0.11%"
"02/11/2022","24,583.53","24,649.78","24,649.78","24,345.90","270.58M","0.15%"
"02/10/2022","24,547.54","24,312.82","24,547.54","24,160.84","337.39M","1.53%"
"02/09/2022","24,177.66","23,930.16","24,189.99","23,930.16","305.92M","1.76%"
"02/08/2022","23,759.07","23,814.47","24,077.92","23,648.24","298.12M","0.13%"
"02/07/2022","23,727.66","24,007.79","24,099.28","23,537.06","311.21M","-1.38%"
"02/04/2022","24,058.81","23,715.63","24,084.11","23,561.42","191.35M","2.67%"
"01/31/2022","23,432.83","23,437.65","23,719.33","23,241.03","114.82M","0.27%"
"01/28/2022","23,370.17","23,704.92","23,755.88","23,332.52","177.09M","-1.10%"
"01/27/2022","23,629.57","23,669.76","23,680.97","23,332.25","174.11M","-0.75%"
"01/26/2022","23,808.32","24,141.71","24,156.52","23,738.13","864.60M","-1.36%"
"01/25/2022","24,137.61","24,140.71","24,280.67","23,945.12","312.83M","-0.66%"
"01/24/2022","24,297.11","24,479.01","24,479.01","24,036.80","564.86M","-0.78%"
"01/21/2022","24,488.47","23,890.18","24,650.42","23,871.66","268.19M","2.59%"
"01/20/2022","23,871.02","23,412.71","23,925.93","23,412.71","288.86M","2.63%"
"01/19/2022","23,259.87","23,306.15","23,432.61","23,166.57","184.70M","0.19%"
"01/18/2022","23,214.66","23,251.63","23,385.85","23,056.42","192.34M","-0.18%"
"01/17/2022","23,256.48","23,772.94","23,772.94","23,190.73","172.86M","-2.20%"
"01/14/2022","23,778.51","23,801.84","23,981.35","23,625.04","195.10M","-0.59%"
"01/13/2022","23,920.56","24,086.43","24,199.09","23,713.04","254.53M","-0.56%"
"01/12/2022","24,055.74","23,898.85","24,055.74","23,803.38","275.43M","0.87%"
"01/11/2022","23,849.19","24,084.07","24,301.64","23,700.45","475.46M","-1.17%"
"01/10/2022","24,130.84","23,785.01","24,247.58","23,714.31","298.07M","1.42%"
"01/07/2022","23,792.20","23,398.21","23,821.89","23,358.29","230.44M","1.86%"
"01/06/2022","23,358.84","23,465.75","23,465.75","23,021.78","213.79M","-0.53%"
"01/05/2022","23,482.60","23,628.15","23,682.42","23,310.84","347.58M","-0.48%"
"01/04/2022","23,594.74","23,968.65","23,997.68","23,219.31","402.56M","-1.50%"
"01/03/2022","23,954.31","24,166.95","24,221.44","23,839.34","82.70M","-0.47%"
"12/31/2021","24,067.42","24,035.66","24,148.89","23,994.27","50.29M","0.63%"
"12/30/2021","23,916.99","24,105.42","24,151.49","23,821.83","91.04M","-0.45%"
"12/29/2021","24,024.72","24,420.07","24,420.62","23,943.80","72.47M","-1.44%"
"12/28/2021","24,376.13","24,286.87","24,460.89","24,165.58","160.76M","0.84%"
"12/24/2021","24,172.07","24,231.65","24,259.32","24,063.30","73.31M","0.10%"
"12/23/2021","24,147.25","24,175.93","24,196.72","23,957.72","155.69M","-0.30%"
"12/22/2021","24,220.28","24,090.43","24,275.07","23,971.33","134.91M","0.54%"
"12/21/2021","24,090.13","23,868.26","24,182.16","23,848.06","132.76M","1.16%"
"12/20/2021","23,814.96","23,916.64","24,004.21","23,698.59","175.80M","-0.83%"
"12/17/2021","24,015.08","24,050.99","24,344.70","23,906.59","704.79M","-0.55%"
"12/16/2021","24,148.19","24,123.30","24,334.44","23,992.94","976.96M","-0.06%"
"12/15/2021","24,162.39","24,342.60","24,401.47","24,047.67","316.43M","-0.48%"
"12/14/2021","24,278.85","24,078.10","24,413.94","23,972.48","351.70M","0.82%"
"12/13/2021","24,082.05","24,408.76","24,570.70","24,082.05","316.25M","-0.92%"
"12/10/2021","24,305.63","24,217.00","24,357.80","24,183.68","266.71M","-0.16%"
"12/09/2021","24,345.25","23,862.39","24,447.84","23,859.52","457.57M","2.23%"
"12/08/2021","23,813.66","23,766.95","23,953.85","23,642.28","224.58M","0.81%"
"12/07/2021","23,622.18","23,353.54","23,642.82","23,222.43","225.14M","1.58%"
"12/06/2021","23,254.89","23,684.94","23,684.94","23,226.99","269.58M","-1.75%"
"12/03/2021","23,668.56","23,387.03","23,723.42","23,319.09","317.32M","0.64%"
"12/02/2021","23,517.64","23,295.19","23,565.41","23,295.19","267.96M","0.75%"
"12/01/2021","23,341.72","23,613.96","23,651.12","23,267.54","284.26M","-0.72%"
"11/30/2021","23,511.77","24,191.86","24,195.23","23,479.73","705.77M","-2.96%"
"11/29/2021","24,229.83","24,216.57","24,511.06","23,989.41","217.93M","0.81%"
"11/26/2021","24,033.98","24,542.41","24,542.41","24,003.28","275.32M","-2.51%"
"11/25/2021","24,652.09","24,532.68","24,699.21","24,416.60","173.08M","0.21%"
"11/24/2021","24,599.85","24,450.86","24,668.78","24,281.69","234.09M","0.70%"
"11/23/2021","24,427.74","24,261.91","24,540.20","24,232.48","222.32M","0.10%"
"11/22/2021","24,404.36","24,670.45","24,678.49","24,183.30","198.92M","-1.50%"
"11/19/2021","24,776.24","24,822.35","24,852.00","24,515.77","205.11M","-0.51%"
"11/18/2021","24,904.13","24,959.75","25,042.35","24,787.00","233.81M","-0.46%"
"11/17/2021","25,018.77","25,020.89","25,043.74","24,805.81","195.36M","-0.06%"
"11/16/2021","25,034.33","24,399.22","25,034.33","24,399.18","266.39M","2.57%"
"11/15/2021","24,407.10","24,318.34","24,474.95","24,291.03","189.23M","0.65%"
"11/12/2021","24,250.41","24,179.75","24,386.58","24,151.01","345.63M","1.31%"
"11/11/2021","23,936.32","23,603.35","23,963.30","23,503.02","293.84M","1.14%"
"11/10/2021","23,666.83","23,869.28","23,870.79","23,161.86","249.10M","-0.74%"
"11/09/2021","23,844.04","24,095.23","24,132.49","23,805.46","160.61M","-0.41%"
"11/08/2021","23,943.11","24,053.22","24,202.26","23,856.23","194.29M","-0.51%"
"11/05/2021","24,065.36","23,936.18","24,393.09","23,930.19","242.87M","0.01%"
"11/04/2021","24,062.72","24,120.49","24,149.64","23,987.67","276.84M","-0.38%"
"11/03/2021","24,155.00","24,042.20","24,411.93","23,982.75","209.96M","-0.11%"
"11/02/2021","24,180.92","24,343.41","24,459.90","24,062.13","267.92M","-0.29%"
"11/01/2021","24,250.23","24,576.28","24,576.28","24,176.80","201.52M","-1.07%"
"10/29/2021","24,511.79","24,231.46","24,650.84","24,231.46","337.34M","1.60%"
"10/28/2021","24,125.81","23,869.61","24,137.48","23,793.07","307.15M","1.44%"
"10/27/2021","23,783.85","23,960.15","24,053.70","23,744.90","227.85M","-1.13%"
"10/26/2021","24,056.68","23,920.91","24,243.87","23,865.46","322.17M","1.12%"
"10/25/2021","23,789.21","23,669.70","23,829.32","23,631.13","368.73M","-0.04%"
"10/22/2021","23,798.15","23,551.18","23,820.11","23,443.20","231.09M","0.89%"
"10/21/2021","23,588.47","23,785.36","23,802.73","23,456.98","356.35M","-1.08%"
"10/20/2021","23,845.08","23,981.86","23,981.86","23,537.50","411.02M","-0.22%"
"10/19/2021","23,897.19","23,405.79","23,912.67","23,402.77","441.68M","2.29%"
"10/18/2021","23,362.14","23,509.98","23,509.98","23,119.46","372.96M","-0.45%"
"10/15/2021","23,468.54","23,624.05","23,668.64","23,328.31","452.39M","0.01%"
"10/12/2021","23,465.33","23,390.65","23,700.73","23,283.94","483.88M","-0.44%"
"10/11/2021","23,569.07","23,667.52","23,825.83","23,530.71","300.74M","-0.30%"
"10/08/2021","23,640.89","23,750.77","23,945.83","23,552.81","351.59M","-0.20%"
"10/07/2021","23,688.19","23,450.59","23,812.63","23,433.31","273.84M","1.88%"
"10/06/2021","23,250.67","23,702.08","23,835.90","23,125.74","262.55M","-1.90%"
"10/05/2021","23,701.63","23,352.30","23,795.90","23,242.65","283.57M","0.75%"
"10/04/2021","23,525.70","23,882.20","23,900.81","23,376.75","373.23M","-1.77%"
"09/30/2021","23,948.78","23,704.56","23,965.56","23,606.72","194.79M","0.77%"
"09/29/2021","23,765.58","23,498.65","23,780.67","23,262.27","151.77M","0.81%"
"09/28/2021","23,575.25","23,508.21","23,798.33","23,460.77","187.13M","-0.07%"
"09/27/2021","23,592.51","23,467.90","23,930.78","23,458.32","271.95M","1.07%"
"09/24/2021","23,342.29","23,433.32","23,534.15","23,238.86","283.62M","-0.24%"
"09/23/2021","23,398.02","23,718.41","23,728.49","23,244.12","281.08M","-0.43%"
"09/21/2021","23,499.76","23,540.16","23,696.96","23,377.98","116.91M","-0.11%"
"09/20/2021","23,526.24","23,789.25","23,814.85","23,320.42","217.04M","-1.68%"
"09/17/2021","23,928.97","23,576.34","23,928.97","23,386.38","427.42M","2.26%"
"09/16/2021","23,400.13","23,554.91","23,645.01","23,295.14","240.80M","-0.28%"
"09/15/2021","23,464.85","23,706.61","23,877.47","23,323.71","251.02M","-0.62%"
"09/14/2021","23,611.68","23,980.06","24,005.82","23,562.10","265.57M","-1.32%"
"09/13/2021","23,927.06","24,325.03","24,325.03","23,763.57","260.10M","-1.77%"
"09/10/2021","24,357.06","24,257.24","24,493.61","24,187.19","231.33M","0.72%"
"09/09/2021","24,184.03","24,212.47","24,335.66","24,033.12","235.09M","-0.42%"
"09/08/2021","24,287.25","24,412.35","24,460.07","24,170.66","243.71M","-0.72%"
"09/07/2021","24,463.58","24,731.90","24,763.52","24,388.05","182.70M","-1.09%"
"09/06/2021","24,734.02","24,556.89","24,918.28","24,519.08","165.26M","0.49%"
"09/03/2021","24,612.37","24,658.62","24,658.62","24,352.74","228.42M","-0.03%"
"09/02/2021","24,619.45","24,961.38","25,056.38","24,512.43","262.07M","-0.72%"
"09/01/2021","24,798.73","24,622.56","24,910.78","24,391.02","269.51M","0.41%"
"08/31/2021","24,698.07","24,190.76","24,740.21","23,895.86","378.98M","1.96%"
"08/30/2021","24,222.24","24,221.50","24,251.74","23,944.31","196.08M","0.07%"
"08/27/2021","24,205.13","24,258.90","24,405.06","24,066.14","210.24M","0.31%"
"08/26/2021","24,130.93","24,248.99","24,501.76","23,956.49","258.12M","0.36%"
"08/25/2021","24,044.43","24,010.42","24,300.69","23,908.10","366.75M","-0.22%"
"08/24/2021","24,096.29","23,780.83","24,121.10","23,721.56","278.53M","2.03%"
"08/23/2021","23,616.55","23,363.31","23,969.83","23,358.72","277.15M","1.52%"
"08/20/2021","23,261.87","23,552.63","23,603.04","22,942.76","326.23M","-1.05%"
"08/19/2021","23,509.67","24,173.07","24,328.76","23,395.04","320.17M","-2.39%"
"08/18/2021","24,085.26","24,027.36","24,363.90","23,895.66","329.59M","0.08%"
"08/17/2021","24,065.53","24,547.70","24,585.08","23,872.10","222.34M","-1.59%"
"08/16/2021","24,453.83","24,293.26","24,594.07","24,253.00","185.69M","0.69%"
"08/13/2021","24,285.17","24,166.08","24,392.84","24,048.41","143.68M","-0.02%"
"08/12/2021","24,289.11","24,682.57","24,701.61","24,132.63","181.11M","-1.86%"
"08/11/2021","24,748.30","24,757.54","24,994.05","24,614.17","194.06M","-0.62%"
"08/10/2021","24,903.95","24,448.71","24,993.57","24,242.85","221.06M","1.97%"
"08/09/2021","24,422.19","24,139.34","24,545.86","23,996.32","305.49M","0.46%"
"08/06/2021","24,311.03","24,212.72","24,384.83","23,981.78","327.52M","-0.85%"
"08/05/2021","24,519.33","24,713.62","24,924.28","24,449.96","185.45M","-0.71%"
"08/04/2021","24,695.55","24,989.96","25,141.99","24,658.56","207.99M","-1.29%"
"08/03/2021","25,018.41","24,695.58","25,018.41","24,527.00","204.73M","1.56%"
"08/02/2021","24,633.11","24,176.19","24,687.92","23,865.93","302.52M","2.25%"
"07/30/2021","24,090.15","24,504.68","24,504.68","23,749.81","322.02M","-1.70%"
"07/29/2021","24,506.94","24,553.30","24,787.24","24,280.45","310.94M","1.27%"
"07/28/2021","24,199.19","24,120.06","24,250.80","23,569.02","394.21M","1.54%"
"07/27/2021","23,831.50","25,081.17","25,443.41","23,365.02","502.98M","-4.53%"
"07/26/2021","24,963.26","25,428.79","25,582.87","24,904.96","317.55M","-3.11%"
"07/23/2021","25,764.80","26,175.36","26,175.36","25,607.29","211.66M","-1.60%"
"07/22/2021","26,184.32","26,355.49","26,397.70","26,106.59","199.37M","-0.51%"
"07/21/2021","26,318.79","26,578.18","26,824.68","26,223.84","236.85M","-0.45%"
"07/20/2021","26,438.41","26,336.16","26,494.18","26,131.99","195.76M","0.96%"
"07/19/2021","26,186.83","26,548.80","26,560.05","26,157.65","252.04M","-1.70%"
"07/16/2021","26,639.36","26,911.23","26,911.23","26,468.03","244.41M","-0.66%"
"07/15/2021","26,817.34","26,902.32","26,942.69","26,612.47","251.80M","-0.53%"
"07/14/2021","26,961.36","26,667.25","27,152.10","26,593.57","246.06M","1.32%"
"07/13/2021","26,610.34","26,411.28","26,843.12","26,407.83","273.28M","1.08%"
"07/12/2021","26,325.61","25,951.04","26,553.71","25,951.04","273.89M","1.65%"
"07/09/2021","25,898.98","25,777.79","25,949.76","25,455.43","228.40M","0.68%"
"07/08/2021","25,724.03","26,536.08","26,618.79","25,588.96","305.00M","-2.91%"
"07/07/2021","26,496.37","26,419.76","26,650.57","26,326.86","238.13M","-0.09%"
"07/06/2021","26,519.68","26,890.08","26,890.08","26,257.60","208.09M","-1.14%"
"07/05/2021","26,824.28","26,639.87","27,019.01","26,639.87","268.15M","-0.05%"
"07/02/2021","26,838.27","27,271.65","27,271.65","26,622.46","291.93M","-1.21%"
"06/30/2021","27,166.04","27,532.61","27,611.47","27,059.81","298.37M","-0.89%"
"06/29/2021","27,410.73","27,692.08","27,805.76","27,295.48","277.47M","-1.03%"
"06/28/2021","27,697.36","27,703.23","27,859.61","27,390.11","239.96M","-0.12%"
"06/25/2021","27,730.20","27,336.89","27,809.68","27,271.03","240.14M","1.82%"
"06/24/2021","27,234.42","27,373.63","27,373.63","27,083.03","214.06M","-0.45%"
"06/23/2021","27,358.90","27,047.32","27,388.43","26,947.13","264.59M","1.34%"
"06/22/2021","26,997.70","27,239.77","27,255.20","26,971.72","272.39M","-0.80%"
"06/21/2021","27,215.50","27,603.23","27,643.49","27,090.07","276.30M","-2.10%"
"06/18/2021","27,798.51","27,459.76","27,965.05","27,459.76","322.19M","0.98%"
"06/17/2021","27,529.52","27,352.92","27,689.03","27,266.88","321.12M","0.17%"
"06/16/2021","27,481.45","27,957.66","27,975.23","27,406.21","218.31M","-1.61%"
"06/15/2021","27,931.82","28,110.14","28,197.68","27,821.62","238.17M","-0.52%"
"06/11/2021","28,077.89","28,204.48","28,246.55","27,980.54","198.36M","-0.09%"
"06/10/2021","28,103.65","28,376.18","28,574.34","28,064.61","306.61M","-0.64%"
"06/09/2021","28,285.26","28,238.96","28,444.35","27,974.79","408.69M","0.09%"
"06/08/2021","28,258.48","28,727.35","29,017.15","28,109.06","247.00M","-0.85%"
"06/07/2021","28,500.74","28,364.26","28,635.33","28,127.84","370.74M","1.18%"
"06/04/2021","28,168.51","28,290.40","28,435.18","28,021.77","259.41M","-0.38%"
"06/03/2021","28,277.24","28,347.96","28,555.36","28,211.48","181.70M","-0.23%"
"06/02/2021","28,341.66","28,433.56","28,467.24","28,199.03","237.26M","-0.01%"
"06/01/2021","28,344.11","28,726.49","28,726.49","28,161.30","228.52M","-0.91%"
"05/31/2021","28,605.57","28,290.52","28,611.79","28,030.39","316.24M","1.25%"
"05/28/2021","28,251.30","28,726.24","28,726.24","28,061.66","287.22M","-1.40%"
"05/27/2021","28,651.70","28,157.30","28,651.70","27,974.31","529.62M","1.91%"
"05/26/2021","28,115.16","28,343.46","28,519.87","28,023.54","227.11M","-0.60%"
"05/25/2021","28,285.99","27,980.88","28,330.80","27,925.07","282.77M","1.49%"
"05/24/2021","27,870.62","27,721.59","27,918.72","27,385.78","291.51M","-0.11%"
"05/21/2021","27,901.38","27,738.21","27,927.12","27,589.16","352.96M","0.76%"
"05/20/2021","27,690.40","27,823.96","27,919.51","27,313.46","299.77M","-0.66%"
"05/18/2021","27,873.83","27,880.34","27,925.09","27,606.64","225.96M","0.59%"
"05/17/2021","27,709.03","27,461.28","27,821.85","27,429.17","330.98M","1.13%"
"05/14/2021","27,400.68","27,327.88","27,679.23","27,198.97","233.48M","0.99%"
"05/13/2021","27,133.27","27,018.58","27,380.32","26,967.69","697.69M","-0.06%"
"05/12/2021","27,149.39","27,112.93","27,186.39","26,861.59","218.71M","0.68%"
"05/11/2021","26,966.77","26,829.76","27,103.40","26,490.62","294.42M","0.16%"
"05/10/2021","26,923.93","27,309.34","27,309.34","26,890.87","272.22M","-0.62%"
"05/07/2021","27,092.74","27,378.50","27,630.48","26,990.70","213.46M","-0.41%"
"05/06/2021","27,203.45","27,329.87","27,369.33","26,991.56","251.56M","0.64%"
"05/05/2021","27,031.11","27,140.70","27,239.65","26,867.56","96.94M","-0.28%"
"05/04/2021","27,107.34","26,944.68","27,151.04","26,841.46","84.62M","0.92%"
"05/03/2021","26,858.90","27,261.71","27,261.71","26,742.34","102.55M","-1.46%"
"04/30/2021","27,255.49","27,743.65","27,743.65","27,226.43","180.46M","-1.98%"
"04/29/2021","27,806.14","27,715.75","27,963.47","27,611.12","127.37M","0.68%"
"04/28/2021","27,619.70","27,579.50","27,798.82","27,475.32","283.86M","0.28%"
"04/27/2021","27,541.36","27,533.29","27,607.44","27,206.59","186.86M","0.23%"
"04/26/2021","27,479.51","27,905.26","27,944.43","27,407.62","234.69M","-1.57%"
"04/23/2021","27,917.45","28,011.57","28,182.84","27,801.10","219.20M","-0.21%"
"04/22/2021","27,974.97","27,718.65","27,974.97","27,651.73","187.87M","1.06%"
"04/21/2021","27,681.64","27,849.82","27,961.38","27,638.18","163.88M","-1.12%"
"04/20/2021","27,996.10","27,811.75","28,260.92","27,798.27","230.02M","0.15%"
"04/19/2021","27,954.58","27,692.63","27,976.55","27,449.13","282.37M","0.82%"
"04/16/2021","27,726.64","27,420.69","27,814.16","27,420.69","234.03M","1.63%"
"04/15/2021","27,280.95","27,434.29","27,512.30","27,116.85","210.08M","-0.42%"
"04/14/2021","27,395.93","27,432.10","27,597.71","27,302.87","207.56M","0.44%"
"04/13/2021","27,274.95","27,054.00","27,586.87","26,992.29","249.71M","1.02%"
"04/12/2021","26,999.64","27,459.69","27,486.49","26,899.35","259.99M","-1.41%"
"04/09/2021","27,384.90","27,905.82","27,915.63","27,289.05","239.72M","-1.90%"
"04/08/2021","27,913.91","27,285.91","27,979.70","27,276.44","224.98M","2.39%"
"04/07/2021","27,262.84","27,697.75","27,697.75","27,168.27","367.92M","-1.05%"
"04/01/2021","27,552.72","27,115.52","27,552.91","27,113.49","325.35M","2.10%"
"03/31/2021","26,984.87","27,716.69","27,716.69","26,899.22","507.76M","-2.38%"
"03/30/2021","27,643.06","27,475.41","28,036.59","27,396.07","241.05M","1.42%"
"03/29/2021","27,256.73","27,348.86","27,711.67","27,128.35","235.39M","-1.18%"
"03/26/2021","27,581.66","27,152.16","27,801.32","26,958.87","302.02M","1.77%"
"03/25/2021","27,100.77","26,516.47","27,258.47","26,104.40","339.05M","1.33%"
"03/24/2021","26,745.97","27,368.65","27,403.80","26,654.57","428.46M","-3.23%"
"03/23/2021","27,638.61","28,129.10","28,234.16","27,490.08","340.83M","-1.46%"
"03/22/2021","28,047.76","28,497.43","28,676.11","28,027.44","217.76M","-1.23%"
"03/19/2021","28,396.85","28,482.12","28,784.82","28,038.63","452.88M","-1.19%"
"03/18/2021","28,737.85","28,897.02","29,194.93","28,660.24","318.31M","0.26%"
"03/17/2021","28,663.73","28,214.23","28,741.48","27,766.29","300.68M","2.28%"
"03/16/2021","28,025.93","27,605.38","28,111.52","27,528.22","277.08M","1.97%"
"03/15/2021","27,484.07","27,724.60","27,966.62","27,224.02","204.65M","-0.42%"
"03/12/2021","27,601.21","28,327.00","28,532.35","27,558.59","305.36M","-1.76%"
"03/11/2021","28,095.72","27,335.57","28,267.02","27,308.57","333.39M","3.43%"
"03/10/2021","27,163.07","27,290.85","27,525.75","27,098.74","330.31M","1.47%"
"03/09/2021","26,769.80","26,717.21","27,111.15","26,068.00","450.47M","0.40%"
"03/08/2021","26,663.04","27,751.83","27,953.58","26,515.72","449.37M","-3.20%"
"03/05/2021","27,543.58","26,867.67","27,772.72","26,581.21","394.48M","0.54%"
"03/04/2021","27,394.74","27,751.10","27,806.29","27,105.26","477.05M","-2.81%"
"03/03/2021","28,187.10","28,322.14","28,322.14","27,836.11","343.32M","-0.06%"
"03/02/2021","28,203.03","29,194.82","29,368.45","28,109.68","407.33M","-2.67%"
"03/01/2021","28,975.47","28,913.95","29,298.88","28,811.98","349.61M","1.70%"
"02/26/2021","28,491.24","28,994.03","29,366.33","28,445.15","583.37M","-4.50%"
"02/25/2021","29,834.81","29,933.99","30,226.15","29,626.65","547.80M","0.53%"
"02/24/2021","29,677.18","30,918.25","30,944.74","29,184.13","736.10M","-3.78%"
"02/23/2021","30,844.57","30,966.38","31,052.53","30,468.15","467.99M","-0.91%"
"02/22/2021","31,128.92","32,420.13","32,440.70","31,067.14","643.86M","-3.18%"
"02/19/2021","32,150.68","31,606.89","32,269.50","31,324.65","536.73M","1.94%"
"02/18/2021","31,537.92","32,280.56","32,420.59","31,270.47","595.47M","-2.04%"
"02/17/2021","32,195.73","31,876.36","32,342.12","31,649.73","212.02M","0.47%"
"02/16/2021","32,043.93","32,169.28","32,442.03","31,972.77","328.28M","0.56%"
"02/11/2021","31,864.86","31,737.95","31,916.03","31,548.19","","0.05%"
"02/10/2021","31,847.89","31,804.50","31,984.17","31,491.73","","0.60%"
"02/09/2021","31,658.28","31,230.80","31,688.75","31,230.80","","1.12%"
"02/08/2021","31,308.95","31,557.01","31,648.09","30,994.64","","-0.10%"
"02/05/2021","31,340.99","31,208.49","31,811.25","31,208.49","","0.43%"
"02/04/2021","31,207.04","31,501.90","31,612.06","30,770.99","","-1.35%"
"02/03/2021","31,635.06","31,750.81","31,830.98","31,375.20","","0.15%"
"02/02/2021","31,587.87","31,186.28","32,133.19","31,089.17","","1.92%"
"02/01/2021","30,992.83","30,871.51","31,236.39","30,734.91","","0.56%"
"01/29/2021","30,819.82","31,085.98","31,374.36","30,542.48","","-0.65%"
"01/28/2021","31,022.89","30,951.19","31,783.92","30,605.52","","-0.65%"
"01/27/2021","31,226.91","31,504.84","31,737.00","30,713.91","","-0.76%"
"01/26/2021","31,464.63","31,491.78","32,174.68","31,152.32","","-0.54%"
"01/25/2021","31,633.99","31,312.45","31,696.87","30,787.83","","1.78%"
"01/22/2021","31,079.95","31,313.35","31,418.71","30,873.64","","-0.86%"
"01/21/2021","31,349.48","31,735.52","31,844.09","31,222.60","","-0.57%"
"01/20/2021","31,529.30","31,272.41","31,914.74","31,241.44","","1.21%"
"01/19/2021","31,152.04","30,551.69","31,580.68","30,551.69","","2.36%"
"01/18/2021","30,433.07","29,789.71","30,464.92","29,693.04","","1.59%"
"01/15/2021","29,956.37","30,235.54","30,353.55","29,733.88","","-1.46%"
"01/14/2021","30,401.68","30,598.45","30,634.56","30,134.75","","-0.75%"
"01/13/2021","30,632.61","31,277.20","31,283.88","30,516.12","","-1.71%"
"01/12/2021","31,167.10","31,078.58","31,304.89","30,630.72","","0.34%"
"01/11/2021","31,062.82","31,924.30","31,972.87","30,872.69","","-2.42%"
"01/08/2021","31,831.85","31,618.30","32,139.38","31,502.24","","1.60%"
"01/07/2021","31,331.09","31,695.20","31,716.05","31,103.73","","-1.18%"
"01/06/2021","31,704.29","31,730.41","32,192.23","31,368.19","","0.28%"
"01/05/2021","31,614.84","30,543.37","31,693.46","30,465.15","","4.19%"
"01/04/2021","30,344.55","29,253.16","30,443.18","29,232.54","","3.38%"
"12/31/2020","29,352.71","29,472.78","29,510.40","29,227.76","","0.11%"
"12/30/2020","29,321.31","28,745.96","29,429.10","28,726.50","","2.64%"
"12/29/2020","28,566.21","28,677.37","28,821.87","28,465.77","","0.14%"
"12/28/2020","28,527.09","28,340.62","28,540.78","28,298.69","","0.54%"
"12/24/2020","28,372.94","28,245.38","28,488.79","28,077.09","","0.61%"
"12/23/2020","28,200.77","27,707.49","28,380.57","27,650.26","","1.97%"
"12/22/2020","27,656.42","27,806.53","27,995.14","27,511.84","","-1.03%"
"12/21/2020","27,944.44","27,791.33","28,259.80","27,759.03","","0.31%"
"12/18/2020","27,857.90","27,827.45","27,978.57","27,676.32","","-0.31%"
"12/17/2020","27,945.27","27,773.21","28,018.24","27,527.91","","0.45%"
"12/16/2020","27,820.08","27,633.60","27,916.26","27,479.06","","1.08%"
"12/15/2020","27,521.85","27,379.71","27,683.56","27,248.45","","0.79%"
"12/14/2020","27,305.22","27,057.37","27,393.64","26,938.13","","0.42%"
"12/11/2020","27,191.12","27,025.85","27,338.90","26,995.59","","0.74%"
"12/10/2020","26,992.52","27,067.33","27,172.44","26,818.89","","-0.57%"
"12/09/2020","27,147.55","27,204.62","27,483.83","27,083.46","","-0.07%"
"12/08/2020","27,167.30","27,136.87","27,339.73","26,985.41","","-0.08%"
"12/07/2020","27,189.71","27,516.86","27,536.27","27,120.12","","-1.23%"
"12/04/2020","27,527.54","27,116.72","27,609.77","27,043.79","","1.49%"
"12/03/2020","27,122.59","26,710.32","27,154.06","26,710.32","","1.11%"
"12/02/2020","26,825.20","26,997.61","27,012.80","26,742.13","","-0.39%"
"12/01/2020","26,929.08","26,592.78","27,044.25","26,592.78","","1.87%"
"11/30/2020","26,434.63","26,950.33","26,974.49","26,400.48","","-1.59%"
"11/27/2020","26,860.75","26,740.57","26,932.99","26,627.67","","0.03%"
"11/26/2020","26,853.13","26,665.61","26,967.50","26,551.91","","1.06%"
"11/25/2020","26,570.66","27,343.57","27,410.48","26,465.03","","-2.73%"
"11/24/2020","27,317.28","27,462.74","27,488.62","27,175.33","","-0.66%"
"11/23/2020","27,498.26","27,639.88","27,780.63","27,398.29","","0.05%"
"11/20/2020","27,485.87","27,050.26","27,509.82","27,050.26","","1.69%"
"11/19/2020","27,028.81","26,690.96","27,253.68","26,548.17","","1.22%"
"11/18/2020","26,701.98","26,413.34","26,799.80","26,407.25","","1.08%"
"11/17/2020","26,415.56","26,386.80","26,479.08","26,133.89","","0.08%"
"11/16/2020","26,393.94","26,154.06","26,467.32","25,850.00","","2.07%"
"11/13/2020","25,858.27","25,649.33","25,932.71","25,508.52","","0.42%"
"11/12/2020","25,750.97","25,404.94","25,844.37","25,404.94","","1.60%"
"11/11/2020","25,345.16","26,026.36","26,079.82","25,261.85","","-2.24%"
"11/10/2020","25,926.50","25,782.97","25,926.50","25,294.30","","1.70%"
"11/09/2020","25,494.26","25,392.71","25,675.47","25,242.55","","1.25%"
"11/06/2020","25,179.98","25,643.39","25,711.57","24,950.57","","-1.44%"
"11/05/2020","25,547.60","25,485.95","25,632.80","25,228.63","","1.89%"
"11/04/2020","25,074.82","24,678.56","25,226.29","24,555.43","","1.25%"
"11/03/2020","24,765.88","24,702.56","24,825.15","24,581.64","","0.84%"
"11/02/2020","24,558.92","24,852.37","24,852.37","24,425.93","","-0.29%"
"10/30/2020","24,631.55","25,364.06","25,430.19","24,555.46","","-3.35%"
"10/29/2020","25,484.33","25,335.87","25,557.34","25,013.98","","-0.06%"
"10/28/2020","25,500.10","25,406.54","25,751.21","25,226.92","","0.47%"
"10/27/2020","25,380.37","25,477.95","25,556.92","25,251.24","","-0.38%"
"10/23/2020","25,478.34","25,770.21","25,797.67","25,424.17","","-1.20%"
"10/22/2020","25,788.36","25,906.71","25,906.71","25,573.40","","-0.68%"
"10/21/2020","25,965.29","25,936.92","26,033.62","25,824.94","","0.77%"
"10/20/2020","25,766.93","25,376.00","25,799.32","25,337.88","","1.61%"
"10/19/2020","25,357.86","25,571.49","25,779.62","25,257.55","","-0.31%"
"10/16/2020","25,437.75","25,546.55","25,663.25","25,404.22","","-0.21%"
"10/15/2020","25,491.77","25,679.19","25,864.14","25,459.64","","-1.06%"
"10/14/2020","25,763.78","25,902.99","25,991.36","25,686.14","","0.23%"
"10/12/2020","25,703.76","25,695.00","25,845.83","25,560.20","","0.26%"
"10/09/2020","25,637.73","25,892.76","25,892.76","25,450.73","","-0.48%"
"10/08/2020","25,762.43","25,754.79","25,831.55","25,468.47","","0.09%"
"10/07/2020","25,739.60","25,912.52","25,962.81","25,667.22","","-0.82%"
"10/06/2020","25,952.34","25,545.37","25,952.34","25,545.37","","2.16%"
"10/05/2020","25,402.80","25,231.52","25,498.25","25,198.80","","1.08%"
"09/30/2020","25,131.17","25,062.82","25,282.60","24,991.22","","1.02%"
"09/29/2020","24,878.44","25,282.05","25,282.05","24,794.56","","-0.67%"
"09/28/2020","25,045.59","24,996.37","25,088.51","24,828.37","","0.62%"
"09/25/2020","24,892.21","25,367.57","25,497.46","24,828.14","","-1.28%"
"09/24/2020","25,215.13","25,340.31","25,468.91","25,073.35","","-1.27%"
"09/23/2020","25,538.33","25,195.45","25,619.80","25,195.45","","1.39%"
"09/22/2020","25,188.60","25,251.02","25,455.20","25,120.90","","-0.20%"
"09/21/2020","25,239.68","25,811.81","25,848.54","25,129.23","","-2.08%"
"09/18/2020","25,774.77","25,825.74","25,833.35","25,630.55","","-0.09%"
"09/17/2020","25,797.03","26,011.83","26,154.43","25,591.28","","-1.34%"
"09/16/2020","26,146.34","26,245.34","26,425.17","26,138.80","","0.20%"
"09/15/2020","26,095.36","25,704.70","26,104.65","25,660.82","","1.66%"
"09/14/2020","25,670.38","25,541.70","25,774.81","25,541.70","","0.58%"
"09/11/2020","25,522.04","25,190.45","25,522.04","25,075.89","","1.32%"
"09/10/2020","25,188.35","25,304.68","25,574.89","25,108.06","","0.42%"
"09/09/2020","25,083.75","25,099.35","25,245.15","24,784.30","","-1.25%"
"09/08/2020","25,400.32","25,472.71","25,700.92","25,205.58","","-0.02%"
"09/07/2020","25,406.26","25,830.43","26,131.90","25,298.60","","-2.50%"
"09/04/2020","26,058.41","25,759.87","26,114.26","25,490.70","","-0.46%"
"09/03/2020","26,180.03","26,284.19","26,576.85","26,042.40","","-0.97%"
"09/02/2020","26,436.76","26,188.89","26,452.43","26,164.83","","0.70%"
"09/01/2020","26,253.83","25,957.28","26,374.99","25,957.28","","0.41%"
"08/31/2020","26,145.54","27,060.33","27,196.68","26,049.37","","-2.25%"
"08/28/2020","26,747.38","26,232.26","27,089.16","26,086.88","","2.45%"
"08/27/2020","26,108.44","26,353.81","26,398.15","25,886.61","","0.15%"
"08/26/2020","26,070.09","25,990.91","26,477.60","25,924.72","","0.38%"
"08/25/2020","25,972.53","26,270.50","26,347.40","25,736.80","","-0.47%"
"08/24/2020","26,095.64","25,979.48","26,202.35","25,826.04","","1.26%"
"08/21/2020","25,769.71","25,841.75","25,974.49","25,703.01","","0.54%"
"08/20/2020","25,632.00","26,278.67","26,278.67","25,490.77","","-2.41%"
"08/19/2020","26,264.39","26,654.11","26,857.43","26,242.73","","-1.36%"
"08/18/2020","26,625.27","26,349.95","26,730.14","26,267.41","","1.47%"
"08/17/2020","26,239.55","26,299.36","26,486.56","26,098.68","","0.08%"
"08/14/2020","26,217.88","26,104.37","26,455.77","25,911.22","","0.43%"
"08/13/2020","26,106.13","25,958.35","26,282.41","25,958.35","","0.85%"
"08/12/2020","25,885.65","26,256.33","26,256.33","25,483.54","","-1.57%"
"08/11/2020","26,297.64","26,246.71","26,686.67","26,209.09","","0.99%"
"08/10/2020","26,039.10","25,943.53","26,098.57","25,666.57","","-0.38%"
"08/07/2020","26,138.89","26,408.82","26,408.82","25,793.96","","-0.98%"
"08/06/2020","26,398.67","26,599.97","26,767.95","26,068.19","","-0.28%"
"08/05/2020","26,473.48","26,223.37","26,549.86","26,152.57","","1.44%"
"08/04/2020","26,097.73","26,349.42","26,406.72","26,006.04","","0.08%"
"08/03/2020","26,076.30","26,033.64","26,275.34","25,842.39","","0.07%"
"07/31/2020","26,057.93","26,360.43","26,471.75","26,052.33","","-0.44%"
"07/30/2020","26,174.16","26,217.27","26,471.66","26,123.22","","0.43%"
"07/29/2020","26,062.71","26,200.71","26,265.23","25,886.66","","-0.36%"
"07/28/2020","26,156.77","25,863.88","26,292.55","25,682.40","","2.45%"
"07/27/2020","25,531.95","25,473.49","25,915.62","25,411.12","","0.59%"
"07/24/2020","25,383.14","26,188.66","26,316.50","25,329.43","","-3.38%"
"07/23/2020","26,271.99","25,829.39","26,312.37","25,787.71","","2.22%"
"07/22/2020","25,700.82","26,048.55","26,447.29","25,683.76","","-1.33%"
"07/21/2020","26,047.49","25,669.64","26,145.77","25,669.64","","1.68%"
"07/20/2020","25,616.69","25,676.21","25,810.87","25,246.99","","-0.31%"
"07/17/2020","25,697.59","24,836.11","25,787.10","24,836.11","","3.47%"
"07/16/2020","24,834.79","25,908.92","25,908.92","24,751.54","","-3.52%"
"07/15/2020","25,740.20","26,079.01","26,139.50","25,455.97","","0.06%"
"07/14/2020","25,723.88","25,608.57","25,726.70","25,178.70","","0.07%"
"07/13/2020","25,705.00","25,078.14","25,815.89","25,045.62","","2.94%"
"07/10/2020","24,970.63","25,335.68","25,449.59","24,758.92","","-1.71%"
"07/09/2020","25,403.81","25,680.49","25,763.80","25,317.99","","-0.45%"
"07/08/2020","25,519.27","25,120.05","25,635.08","25,120.05","","2.43%"
"07/07/2020","24,912.98","24,990.10","25,209.80","24,878.25","","0.23%"
"07/06/2020","24,856.47","24,487.62","25,020.90","24,429.33","","2.33%"
"07/03/2020","24,291.63","24,378.35","24,399.43","23,915.69","","0.79%"
"07/02/2020","24,102.34","23,822.65","24,208.71","23,775.49","","2.51%"
"06/30/2020","23,511.55","23,497.55","23,689.10","23,369.91","","0.75%"
"06/29/2020","23,335.50","23,518.61","23,518.61","23,157.28","","-0.54%"
"06/26/2020","23,462.06","23,534.39","23,647.35","23,425.55","","-0.70%"
"06/24/2020","23,626.76","23,928.80","23,962.45","23,591.86","","-1.08%"
"06/23/2020","23,884.61","23,512.53","23,964.87","23,277.83","","1.36%"
"06/22/2020","23,564.23","23,692.02","23,821.01","23,396.93","","-0.94%"
"06/19/2020","23,787.95","23,434.43","23,877.79","23,421.82","","0.75%"
"06/18/2020","23,609.88","23,478.97","23,617.65","23,285.63","","0.70%"
"06/17/2020","23,445.33","23,370.35","23,504.37","23,148.01","","1.08%"
"06/16/2020","23,193.89","23,029.83","23,229.17","22,984.07","","2.64%"
"06/15/2020","22,596.33","22,720.30","22,970.16","22,447.13","","-1.43%"
"06/12/2020","22,923.80","22,629.86","22,953.40","22,540.62","","-0.33%"
"06/11/2020","22,999.57","23,291.58","23,389.05","22,950.81","","-1.34%"
"06/10/2020","23,312.26","23,516.50","23,594.55","23,280.22","","-0.54%"
"06/09/2020","23,439.85","23,258.04","23,675.19","23,248.92","","1.50%"
"06/08/2020","23,092.80","23,518.07","23,546.76","22,896.50","","-1.49%"
"06/05/2020","23,442.22","23,622.13","23,622.13","23,294.46","","-0.84%"
"06/04/2020","23,641.10","23,422.58","23,641.10","23,271.44","","1.81%"
"06/03/2020","23,220.95","23,190.60","23,245.67","23,021.29","","0.99%"
"06/02/2020","22,993.75","22,843.34","23,005.03","22,772.83","","0.77%"
"06/01/2020","22,817.16","22,846.66","22,969.06","22,711.54","","2.08%"
"05/29/2020","22,352.32","21,812.35","22,352.32","21,706.50","","1.89%"
"05/28/2020","21,936.99","22,044.63","22,071.28","21,569.57","","-0.23%"
"05/27/2020","21,988.16","22,566.41","22,566.41","21,854.54","","-1.86%"
"05/26/2020","22,405.10","22,181.43","22,500.76","22,155.84","","1.67%"
"05/25/2020","22,036.91","21,542.87","22,102.62","21,493.53","","1.59%"
"05/22/2020","21,692.96","22,072.57","22,072.57","21,440.62","","-3.33%"
"05/21/2020","22,439.17","22,803.83","22,803.83","22,400.44","","-0.99%"
"05/20/2020","22,664.51","22,906.37","22,959.26","22,637.62","","-0.50%"
"05/19/2020","22,778.47","23,151.56","23,273.47","22,778.47","","-0.11%"
"05/18/2020","22,803.29","22,700.53","22,973.98","22,595.42","","0.66%"
"05/15/2020","22,653.96","22,803.85","22,916.25","22,639.53","","-0.56%"
"05/14/2020","22,780.53","22,914.11","22,973.71","22,736.12","","-1.99%"
"05/13/2020","23,242.94","22,769.52","23,455.63","22,667.23","","2.38%"
"05/12/2020","22,702.91","22,801.89","22,943.78","22,683.47","","-0.28%"
"05/11/2020","22,767.20","22,973.11","23,172.78","22,684.48","","-0.13%"
"05/08/2020","22,796.43","22,865.42","22,937.19","22,727.71","","0.59%"
"05/07/2020","22,663.78","22,707.36","22,755.58","22,424.37","","-0.32%"
"05/06/2020","22,735.77","22,565.36","22,843.59","22,546.97","","1.14%"
"05/05/2020","22,480.31","22,471.67","22,585.00","22,247.68","","1.29%"
"05/04/2020","22,194.78","22,176.59","22,441.22","22,078.25","","-2.14%"
"04/29/2020","22,679.37","22,953.68","22,953.68","22,509.46","","-0.64%"
"04/28/2020","22,824.89","22,714.75","22,840.81","22,538.38","","0.83%"
"04/27/2020","22,636.95","22,209.69","22,703.48","22,144.96","","2.24%"
"04/24/2020","22,140.96","22,143.90","22,345.36","21,996.46","","-0.54%"
"04/23/2020","22,261.00","22,286.55","22,446.96","22,204.15","","0.48%"
"04/22/2020","22,154.11","21,412.25","22,154.11","21,332.64","","2.30%"
"04/21/2020","21,655.56","22,031.58","22,031.58","21,455.61","","-2.17%"
"04/20/2020","22,136.19","22,103.34","22,217.56","21,871.01","","0.36%"
"04/17/2020","22,055.97","22,336.19","22,381.91","21,951.93","","0.27%"
"04/16/2020","21,996.63","21,798.98","22,115.21","21,679.95","","0.72%"
"04/15/2020","21,839.00","22,351.62","22,409.22","21,783.66","","-1.20%"
"04/14/2020","22,103.19","21,904.63","22,108.89","21,668.25","","0.50%"
"04/09/2020","21,994.18","21,688.84","22,020.32","21,573.81","","2.85%"
"04/08/2020","21,384.74","21,711.81","21,801.27","21,300.94","","-1.54%"
"04/07/2020","21,719.00","21,233.85","21,736.70","21,233.85","","3.66%"
"04/06/2020","20,951.74","20,816.42","20,951.74","20,518.10","","1.75%"
"04/03/2020","20,591.68","20,819.67","20,924.60","20,480.93","","-0.80%"
"04/02/2020","20,757.69","20,492.91","20,757.69","20,386.99","","1.12%"
"04/01/2020","20,526.97","21,230.07","21,230.07","20,321.06","","-2.32%"
"03/31/2020","21,014.19","20,915.00","21,014.19","20,798.68","","2.99%"
"03/30/2020","20,404.93","20,436.50","20,624.38","20,172.15","","-1.57%"
"03/27/2020","20,730.28","21,143.25","21,285.37","20,651.32","","-0.71%"
"03/26/2020","20,879.56","20,980.23","21,001.73","20,649.88","","-0.25%"
"03/25/2020","20,932.49","20,677.26","21,032.04","20,499.37","","4.10%"
"03/24/2020","20,107.45","19,803.24","20,253.78","19,742.60","","6.32%"
"03/23/2020","18,912.74","18,989.02","19,336.01","18,888.76","","-3.98%"
"03/20/2020","19,695.97","19,184.16","19,733.66","19,148.73","","4.45%"
"03/19/2020","18,856.85","19,083.87","19,325.59","18,350.69","","-1.99%"
"03/18/2020","19,240.21","19,829.58","20,344.27","19,056.08","","-3.23%"
"03/17/2020","19,883.07","19,883.50","20,157.69","19,324.52","","0.14%"
"03/16/2020","19,855.95","20,465.12","20,704.68","19,785.72","","-5.36%"
"03/13/2020","20,981.21","19,672.50","21,042.52","19,576.15","","-1.34%"
"03/12/2020","21,267.24","21,837.62","21,837.62","21,139.15","","-3.91%"
"03/11/2020","22,131.49","22,160.34","22,438.82","22,002.64","","0.28%"
"03/10/2020","22,070.07","21,803.00","22,298.19","21,658.62","","1.29%"
"03/09/2020","21,788.51","22,058.51","22,153.03","21,739.37","","-3.27%"
"03/06/2020","22,525.22","22,657.74","22,673.08","22,438.81","","-1.45%"
"03/05/2020","22,856.08","22,157.70","22,896.46","22,157.70","","3.73%"
"03/04/2020","22,034.08","21,681.35","22,088.10","21,578.54","","1.70%"
"03/03/2020","21,666.20","21,856.36","21,928.33","21,603.72","","-0.16%"
"03/02/2020","21,701.65","21,522.39","21,740.94","21,336.45","","1.32%"
"02/28/2020","21,419.26","21,613.11","21,631.37","21,237.84","","-2.54%"
"02/27/2020","21,977.54","21,881.42","22,035.14","21,623.30","","-0.16%"
"02/26/2020","22,012.56","21,850.31","22,070.39","21,768.53","","-0.82%"
"02/25/2020","22,193.75","21,985.66","22,201.10","21,890.43","","0.18%"
"02/24/2020","22,154.13","22,418.74","22,418.74","22,108.01","","-1.80%"
"02/21/2020","22,559.55","22,714.08","22,774.87","22,451.82","","-0.93%"
"02/20/2020","22,771.99","22,811.84","22,822.56","22,545.78","","0.01%"
"02/19/2020","22,769.69","22,520.05","22,775.15","22,448.69","","1.51%"
"02/18/2020","22,430.70","22,613.98","22,633.96","22,379.12","","-1.07%"
"02/17/2020","22,673.83","22,555.54","22,696.33","22,476.15","","0.97%"
"02/14/2020","22,456.06","22,205.70","22,524.35","22,205.70","","0.85%"
"02/13/2020","22,266.70","22,494.07","22,494.07","22,202.11","","-0.68%"
"02/12/2020","22,419.35","22,321.60","22,657.80","22,260.58","","1.18%"
"02/11/2020","22,156.91","22,244.38","22,316.57","22,118.77","","0.13%"
"02/10/2020","22,127.54","22,117.81","22,226.85","21,873.95","","-0.34%"
"02/07/2020","22,203.89","22,343.42","22,364.28","21,981.33","","-0.66%"
"02/06/2020","22,352.42","22,039.87","22,492.18","21,930.48","","2.01%"
"02/05/2020","21,911.94","21,784.59","22,109.25","21,762.01","","0.39%"
"02/04/2020","21,827.73","21,331.41","21,827.73","21,331.41","","2.67%"
"02/03/2020","21,260.91","20,917.93","21,340.84","20,820.13","","0.83%"
"01/31/2020","21,084.97","21,251.38","21,444.03","21,047.70","","-0.38%"
"01/30/2020","21,165.43","21,940.09","22,068.25","21,149.50","","-3.76%"
"01/29/2020","21,991.52","21,797.94","22,172.97","21,786.21","","-2.30%"
"01/24/2020","22,508.90","22,576.00","22,599.59","22,276.58","","-0.20%"
"01/23/2020","22,553.04","22,874.18","22,874.18","22,381.60","","-1.94%"
"01/22/2020","22,998.54","22,714.01","23,009.32","22,614.29","","1.78%"
"01/21/2020","22,597.41","23,341.93","23,371.50","22,565.52","","-3.59%"
"01/20/2020","23,438.85","23,632.76","23,716.55","23,403.55","","-0.58%"
"01/17/2020","23,576.10","23,693.38","23,693.38","23,403.12","","0.10%"
"01/16/2020","23,553.35","23,488.31","23,553.35","23,340.25","","0.56%"
"01/15/2020","23,422.42","23,497.43","23,710.35","23,351.61","","-0.15%"
"01/14/2020","23,458.07","23,502.84","23,510.83","23,306.49","","0.33%"
"01/13/2020","23,381.16","23,515.14","23,557.61","23,293.37","","-0.09%"
"01/10/2020","23,402.04","23,586.86","23,586.86","23,296.82","","-0.40%"
"01/09/2020","23,495.38","23,011.82","23,495.38","22,978.17","","2.91%"
"01/08/2020","22,831.83","22,591.59","22,862.15","22,526.63","","0.03%"
"01/07/2020","22,825.68","22,772.15","22,955.00","22,677.45","","0.82%"
"01/06/2020","22,639.89","22,769.77","22,848.51","22,488.74","","-0.99%"
"01/03/2020","22,865.81","23,173.46","23,216.91","22,758.37","","-0.95%"
"01/02/2020","23,085.32","22,978.77","23,160.39","22,960.82","","0.69%"
"12/31/2019","22,926.13","23,099.95","23,099.95","22,875.57","","-0.57%"
"12/30/2019","23,058.07","23,155.43","23,183.94","23,019.75","","-0.23%"
"12/27/2019","23,111.53","23,131.02","23,153.30","23,018.43","","0.42%"
"12/24/2019","23,014.59","23,083.08","23,106.14","22,933.90","","-0.45%"
"12/23/2019","23,118.95","22,941.14","23,159.13","22,909.73","","0.98%"
"12/20/2019","22,895.12","22,886.61","23,040.55","22,809.90","","0.24%"
"12/19/2019","22,840.56","22,922.45","22,949.41","22,742.86","","-0.38%"
"12/18/2019","22,926.77","23,020.71","23,209.44","22,818.27","","-0.37%"
"12/17/2019","23,013.03","22,610.80","23,013.03","22,563.85","","1.93%"
"12/16/2019","22,578.37","22,693.35","22,757.44","22,543.62","","-0.86%"
"12/13/2019","22,774.99","22,822.93","22,842.80","22,572.15","","1.11%"
"12/12/2019","22,525.19","22,371.80","22,591.88","22,371.80","","0.80%"
"12/11/2019","22,345.80","22,329.33","22,457.50","22,267.30","","0.04%"
"12/10/2019","22,335.88","22,534.76","22,614.60","22,306.88","","-1.11%"
"12/09/2019","22,587.61","22,822.17","22,822.17","22,481.55","","-0.85%"
"12/06/2019","22,780.55","22,627.48","22,817.18","22,447.97","","1.22%"
"12/05/2019","22,506.39","22,478.81","22,537.72","22,179.13","","1.05%"
"12/04/2019","22,273.56","22,345.15","22,447.63","22,221.21","","-1.11%"
"12/03/2019","22,524.33","22,605.65","22,605.65","22,273.65","","-0.23%"
"12/02/2019","22,576.19","22,603.08","22,678.33","22,471.07","","0.75%"
"11/29/2019","22,408.82","22,746.03","22,746.03","22,337.59","","-1.98%"
"11/28/2019","22,860.43","22,891.50","22,930.08","22,760.45","","0.09%"
"11/27/2019","22,839.50","22,719.13","22,853.28","22,647.03","","0.67%"
"11/26/2019","22,687.45","22,823.61","22,823.61","22,541.61","","0.28%"
"11/25/2019","22,623.67","22,685.48","22,781.57","22,577.35","","0.28%"
"11/22/2019","22,559.54","22,610.45","22,725.36","22,475.62","","0.24%"
"11/21/2019","22,504.78","22,544.81","22,609.86","22,347.56","","-1.37%"
"11/20/2019","22,816.37","22,947.24","22,947.24","22,663.26","","-1.06%"
"11/19/2019","23,059.86","22,593.65","23,059.86","22,517.13","","1.89%"
"11/18/2019","22,632.34","22,814.65","22,842.09","22,555.77","","-0.45%"
"11/15/2019","22,735.15","22,712.27","22,836.80","22,583.17","","0.96%"
"11/14/2019","22,518.47","22,704.41","22,867.49","22,419.68","","-1.01%"
"11/13/2019","22,747.29","22,582.57","22,930.99","22,582.57","","-0.17%"
"11/12/2019","22,787.09","22,624.30","22,800.02","22,407.56","","1.35%"
"11/11/2019","22,484.55","22,845.30","22,899.62","22,344.83","","-2.17%"
"11/08/2019","22,983.10","23,157.61","23,205.74","22,914.19","","-0.82%"
"11/07/2019","23,172.34","22,984.73","23,223.10","22,887.38","","0.68%"
"11/06/2019","23,014.87","23,375.52","23,375.52","22,862.25","","-1.38%"
"11/05/2019","23,337.19","23,288.32","23,394.43","23,193.10","","0.19%"
"11/04/2019","23,293.00","22,904.21","23,293.00","22,841.78","","2.28%"
"11/01/2019","22,774.13","22,412.01","22,774.13","22,392.74","","1.24%"
"10/31/2019","22,494.30","22,567.11","22,721.95","22,341.49","","0.05%"
"10/30/2019","22,483.32","22,533.27","22,629.80","22,377.12","","0.32%"
"10/29/2019","22,410.76","22,685.32","22,741.79","22,355.66","","0.08%"
"10/28/2019","22,393.08","22,267.39","22,478.43","22,138.07","","0.69%"
"10/25/2019","22,238.90","22,065.34","22,260.62","21,852.70","","0.89%"
"10/24/2019","22,043.37","22,100.45","22,110.19","21,894.05","","0.47%"
"10/23/2019","21,940.58","22,395.67","22,398.63","21,878.34","","-2.00%"
"10/22/2019","22,387.37","22,645.09","22,645.09","22,283.15","","-0.58%"
"10/21/2019","22,517.48","22,305.36","22,611.46","22,290.09","","0.99%"
"10/18/2019","22,296.99","22,601.54","22,650.80","22,218.20","","-1.36%"
"10/17/2019","22,604.89","22,399.28","22,604.89","22,322.46","","1.27%"
"10/16/2019","22,321.08","22,349.37","22,395.10","22,178.22","","-0.01%"
"10/15/2019","22,322.53","22,356.57","22,535.77","22,233.75","","-0.19%"
"10/14/2019","22,365.86","22,493.64","22,559.13","22,256.11","","0.17%"
"10/11/2019","22,328.02","22,408.78","22,546.59","22,215.81","","0.48%"
"10/10/2019","22,221.02","21,924.32","22,348.49","21,852.56","","1.57%"
"10/09/2019","21,878.30","21,929.34","21,987.43","21,766.78","","-0.55%"
"10/08/2019","21,999.98","21,965.34","22,201.70","21,766.22","","0.99%"
"10/04/2019","21,785.30","22,037.18","22,037.18","21,602.26","","-0.41%"
"10/03/2019","21,874.95","21,534.93","21,915.88","21,460.80","","1.02%"
"10/02/2019","21,654.37","21,622.52","21,725.33","21,355.90","","-0.39%"
"09/30/2019","21,739.75","21,557.11","21,769.25","21,382.56","","0.79%"
"09/27/2019","21,569.22","21,503.48","21,738.44","21,422.77","","0.22%"
"09/26/2019","21,521.35","21,592.61","21,803.45","21,473.68","","-0.26%"
"09/25/2019","21,577.05","21,706.66","21,706.66","21,499.51","","-1.34%"
"09/24/2019","21,871.15","22,097.40","22,097.40","21,747.83","","-0.24%"
"09/23/2019","21,922.92","22,190.72","22,200.40","21,819.63","","-0.92%"
"09/20/2019","22,126.62","22,401.95","22,401.95","22,093.32","","-0.52%"
"09/19/2019","22,241.78","22,473.21","22,552.39","22,059.64","","-1.12%"
"09/18/2019","22,493.35","22,468.13","22,555.56","22,446.23","","0.17%"
"09/17/2019","22,454.97","22,571.27","22,579.82","22,335.46","","-1.12%"
"09/16/2019","22,708.88","22,822.97","22,822.97","22,559.20","","-0.42%"
"09/13/2019","22,803.80","22,634.05","22,805.72","22,568.60","","0.82%"
"09/12/2019","22,618.65","22,526.81","22,689.00","22,312.93","","0.96%"
"09/11/2019","22,403.19","22,373.89","22,409.66","22,031.10","","0.50%"
"09/10/2019","22,292.60","22,464.05","22,542.36","22,237.61","","-0.83%"